"MPO-LC Roundness ...",http://www.optico.com.cn/product/10016
"MPO-SC Ribbon fa...",http://www.optico.com.cn/product/10017
"MPO Module fanout...",http://www.optico.com.cn/product/10018
"MPO mini Fanout ...",http://www.optico.com.cn/product/10012
"MPO-MT Fiber Patc...",http://www.optico.com.cn/product/10011
"MPO/PC/APC Fiber ...",http://www.optico.com.cn/product/10013
"MPO 12/24/48/72Cores",http://www.optico.com.cn/product/10014
"MPO OM3 Fiber Pat...",http://www.optico.com.cn/product/10015
"MTP OM4 Fiber Pat...",http://www.optico.com.cn/product/10022
"MTP loopback patc...",http://www.optico.com.cn/product/10023
"MTP OM3/OM4 Ribbo...",http://www.optico.com.cn/product/10024
"MTP LOW Ribbon Fi...",http://www.optico.com.cn/product/10025
"MTP OM4 Fanout Pa...",http://www.optico.com.cn/product/10026
"MT-FA fiber jumper",http://www.optico.com.cn/product/10122
"MTP Module",http://www.optico.com.cn/product/10173
"MTP 72Cores Ribbo...",http://www.optico.com.cn/product/10019
"MTP SM 72Cores Fa...",http://www.optico.com.cn/product/10021
"MTP-MTP Patchcord",http://www.optico.com.cn/product/10020
"SC-FC Fiber Optic...",http://www.optico.com.cn/product/10027
"FC-ST Fiber Opti...",http://www.optico.com.cn/product/10028
"LC-SC Fiber Optic...",http://www.optico.com.cn/product/10030
"ST-SC Fiber Optic...",http://www.optico.com.cn/product/10031
"MTRJ-FC Fiber Opt...",http://www.optico.com.cn/product/10032
"waterproof patch ...",http://www.optico.com.cn/product/10121
"SC/LC/ST pigtail",http://www.optico.com.cn/product/10064
"Waterproof Pigtail",http://www.optico.com.cn/product/10033
"SC Fiber Optic At...",http://www.optico.com.cn/product/10066
"FC Fiber Optic At...",http://www.optico.com.cn/product/10067
"ST Fiber Optic At...",http://www.optico.com.cn/product/10068
"LC Fiber Optic At...",http://www.optico.com.cn/product/10069
"1U 19"" 24port Ra...",http://www.optico.com.cn/product/10170
"1U 19"" 96F Rack M...",http://www.optico.com.cn/product/10172
"SC Series",http://www.optico.com.cn/product/10071
"FC Series",http://www.optico.com.cn/product/10072
"ST Series",http://www.optico.com.cn/product/10073
"LC Series",http://www.optico.com.cn/product/10074
"SC To LC Fiber Op...",http://www.optico.com.cn/product/10075
"SC Male to LC Fib...",http://www.optico.com.cn/product/10076
"SC/UPC Fast Assem...",http://www.optico.com.cn/product/10077
"SC/APC Fast Conne...",http://www.optico.com.cn/product/10080
"PLC Splitter Device",http://www.optico.com.cn/product/10034
"PLC Splitter Mini...",http://www.optico.com.cn/product/10035
"1x32 & 2x32 Mini ...",http://www.optico.com.cn/product/10036
"PLC Splitter Module",http://www.optico.com.cn/product/10037
"LGX PLC Splitter",http://www.optico.com.cn/product/10038
"PLC Splitter Rack...",http://www.optico.com.cn/product/10039
"PLC Splitter with...",http://www.optico.com.cn/product/10040
"Single Mode Wavel...",http://www.optico.com.cn/product/10095
"Single Mode Three...",http://www.optico.com.cn/product/10096
"CWDM Devices",http://www.optico.com.cn/product/10042
"CWDM Mux/Demux Mo...",http://www.optico.com.cn/product/10041
"CWDM Optical Add/...",http://www.optico.com.cn/product/10043
"DWDM Mux/Demux Mo...",http://www.optico.com.cn/product/10044
"DWDM Optical Add/...",http://www.optico.com.cn/product/10045
"DWDM Devices",http://www.optico.com.cn/product/10063
"Athermal AWG DWDM...",http://www.optico.com.cn/product/10065
"1310 DFB Coaxial ...",http://www.optico.com.cn/product/10081
"1310 DFB Coaxial ...",http://www.optico.com.cn/product/10082
"1310 FP Coaxial P...",http://www.optico.com.cn/product/10083
"1310 DFB Coaxial ...",http://www.optico.com.cn/product/10084
"1550 DFB Coaxial ...",http://www.optico.com.cn/product/10085
"1.25Gbps  SFP Tra...",http://www.optico.com.cn/product/10107
"1.25Gbps  SFP Tra...",http://www.optico.com.cn/product/10108
"10Gbps  1310nm  S...",http://www.optico.com.cn/product/10110
"10Gbps  850nm  SF...",http://www.optico.com.cn/product/10111
"GEPON OLT Transce...",http://www.optico.com.cn/product/10100
"10/100M Media Con...",http://www.optico.com.cn/product/10106
"10&100&1000M Medi...",http://www.optico.com.cn/product/10109
"1000M Media Conve...",http://www.optico.com.cn/product/10112
"10/100M ONU",http://www.optico.com.cn/product/10101
10/100M+10/100/10...,http://www.optico.com.cn/product/10103
10/100M+10/100/10...,http://www.optico.com.cn/product/10104
"GEPON OLT",http://www.optico.com.cn/product/10105
"CATV wireless tra...",http://www.optico.com.cn/product/10097
CATV-EDFA,http://www.optico.com.cn/product/10098
"Indoor FTTH Drop ...",http://www.optico.com.cn/product/10119
"Subscriber  Cable",http://www.optico.com.cn/product/10176
"FTTA Cable I",http://www.optico.com.cn/product/10174
"FTTA Cable II",http://www.optico.com.cn/product/10175
"Indoor Fiber Cable",http://www.optico.com.cn/product/10129
"Flat Outdoor FTTH...",http://www.optico.com.cn/product/10120
"DUCT Fiber Optica...",http://www.optico.com.cn/product/10123
"Non metal Fiber O...",http://www.optico.com.cn/product/10124
"Direct buried GYT...",http://www.optico.com.cn/product/10127
"self support fibe...",http://www.optico.com.cn/product/10126
"Metal Armored Fib...",http://www.optico.com.cn/product/10125
"Fiber Optic Verti...",http://www.optico.com.cn/product/10141
"Fiber Optic Horiz...",http://www.optico.com.cn/product/10140
"FTTH Fiber Optic ...",http://www.optico.com.cn/product/10144
"FTTH Patch Panel",http://www.optico.com.cn/product/10145
"Black MTP/MPO 24 ...",http://www.optico.com.cn/product/10169
"2U 19"" 24port Rac...",http://www.optico.com.cn/product/10171
"Rack Mount Fiber...",http://www.optico.com.cn/product/10167
"16 Cores Ftth Fib...",http://www.optico.com.cn/product/10142
"Fiber Optic Term...",http://www.optico.com.cn/product/10149
"FTTH Fiber Termin...",http://www.optico.com.cn/product/10143
"Fiber Optical Dis...",http://www.optico.com.cn/product/10147
"Fiber Optical Dis...",http://www.optico.com.cn/product/10148
"Fiber Optic Distr...",http://www.optico.com.cn/product/10146
"Wall Mount Fiber ...",http://www.optico.com.cn/product/10168
"Fiber Optic Polic...",http://www.optico.com.cn/product/10150
"Polishing Fixture",http://www.optico.com.cn/product/10151
"Polishing Film",http://www.optico.com.cn/product/10152
"Fiber Optic Cleaver",http://www.optico.com.cn/product/10153
"Automatic Intelli...",http://www.optico.com.cn/product/10154
"AV87501 Fiber Ali...",http://www.optico.com.cn/product/10155
"Pen type Fiber Op...",http://www.optico.com.cn/product/10156
"Fiber Optic Conne...",http://www.optico.com.cn/product/10157
"Fiber Optic Clean...",http://www.optico.com.cn/product/10158
"Fiber Optic Foam ...",http://www.optico.com.cn/product/10159
"Fiber Optic Cable...",http://www.optico.com.cn/product/10160
"Fiber Optic Kevla...",http://www.optico.com.cn/product/10161
"Fiber Optic Cable...",http://www.optico.com.cn/product/10162
"200x / 400x Hand ...",http://www.optico.com.cn/product/10163
"Optical Light Sou...",http://www.optico.com.cn/product/10164
"Handheld Optical ...",http://www.optico.com.cn/product/10165
"Pen Shape Visual ...",http://www.optico.com.cn/product/10166
"Indoor fiber opti...",http://www.optico.com.cn/product/10130
"45 Degree fiber f...",http://www.optico.com.cn/product/10131
"Fiber Optic Fusio...",http://www.optico.com.cn/product/10132
"TXC Optical Fiber...",http://www.optico.com.cn/product/10133
"Bare optical fibe...",http://www.optico.com.cn/product/10134
"fiber cable prote...",http://www.optico.com.cn/product/10135
"Fiber Cassette Sp...",http://www.optico.com.cn/product/10136
"High Density fibe...",http://www.optico.com.cn/product/10137
"Fiber Optic Splic...",http://www.optico.com.cn/product/10138
"Fiber Optic Insta...",http://www.optico.com.cn/product/10139
"UTP Cat.5e",http://www.optico.com.cn/product/10005
"SFTP Cat.5e",http://www.optico.com.cn/product/10006
"UTP Cat6",http://www.optico.com.cn/product/10049
"FTP Cat6",http://www.optico.com.cn/product/10048
"SFTP Cat.6",http://www.optico.com.cn/product/10086
"UTP Cat6A",http://www.optico.com.cn/product/10052
"SFTP Cat6A",http://www.optico.com.cn/product/10053
"SSTP Cat6A",http://www.optico.com.cn/product/10054
"SSTP Cat.7",http://www.optico.com.cn/product/10087
"FTP Cat.5e",http://www.optico.com.cn/product/10000
"Cat5e patch cord",http://www.optico.com.cn/product/10055
"Cat6 patch cord",http://www.optico.com.cn/product/10057
"Cat6a patch cord",http://www.optico.com.cn/product/10058
"Cat7 patch cord",http://www.optico.com.cn/product/10062
"Flat patch cord",http://www.optico.com.cn/product/10088
"Cat5e patch panel",http://www.optico.com.cn/product/10089
"Cat6 patch panel",http://www.optico.com.cn/product/10090
"Cat6a patch panel",http://www.optico.com.cn/product/10091
"Cat5e keystone jack",http://www.optico.com.cn/product/10092
"Cat6 keystone jack",http://www.optico.com.cn/product/10093
"Cat6a keystone jack",http://www.optico.com.cn/product/10094
"RJ 45 Connector",http://www.optico.com.cn/product/10113
"Face Plate",http://www.optico.com.cn/product/10114
"Surface Mount Box",http://www.optico.com.cn/product/10115
